"","text","favorited","favoriteCount","replyToSN","created","truncated","replyToSID","id","replyToUID","statusSource","screenName","retweetCount","isRetweet","retweeted","longitude","latitude"
"1","RT @kiwimemer: late matchy ao bing for my nezha doodle https://t.co/Cr7YZbH2dl",FALSE,0,NA,2019-09-09 12:33:13,FALSE,NA,"1171038852435177473",NA,"<a href=""http://twitter.com/download/android"" rel=""nofollow"">Twitter for Android</a>","Salty_prince",57,TRUE,FALSE,NA,NA
"2","RT @lingtenouttaten: I like the idea of nezha being a rich young master &amp; a complete shitbaby gremlin and ao bing being a pristine classy d…",FALSE,0,NA,2019-09-09 12:33:12,FALSE,NA,"1171038844524756993",NA,"<a href=""http://twitter.com/download/android"" rel=""nofollow"">Twitter for Android</a>","egirlatsushi",36,TRUE,FALSE,NA,NA
"3","RT @SuperShounen: These Nezha movie posters <U+0001F60D> https://t.co/AsRUCnwu82",FALSE,0,NA,2019-09-09 12:33:07,FALSE,NA,"1171038823645700096",NA,"<a href=""http://twitter.com/download/iphone"" rel=""nofollow"">Twitter for iPhone</a>","kailynnplz",227,TRUE,FALSE,NA,NA
"4","RT @fishingforyuu: do you ever just think about nezha tying aobings hair up with two hands then holding his hands with two other hands and…",FALSE,0,NA,2019-09-09 12:32:43,FALSE,NA,"1171038725289021441",NA,"<a href=""http://twitter.com/download/android"" rel=""nofollow"">Twitter for Android</a>","ghost_naz",50,TRUE,FALSE,NA,NA
"5","RT @junowasdead: U try to sit and do important stuff but your head is full with images of Nezha hugging Aobing with all his 6 arms https://…",FALSE,0,NA,2019-09-09 12:31:49,FALSE,NA,"1171038497383309313",NA,"<a href=""http://twitter.com/download/android"" rel=""nofollow"">Twitter for Android</a>","KaigaTagami",196,TRUE,FALSE,NA,NA
"6","RT @kiwimemer: late matchy ao bing for my nezha doodle https://t.co/Cr7YZbH2dl",FALSE,0,NA,2019-09-09 12:31:24,FALSE,NA,"1171038394119421952",NA,"<a href=""http://twitter.com/download/android"" rel=""nofollow"">Twitter for Android</a>","deucasta",57,TRUE,FALSE,NA,NA
"7","RT @kiwimemer: late matchy ao bing for my nezha doodle https://t.co/Cr7YZbH2dl",FALSE,0,NA,2019-09-09 12:31:05,FALSE,NA,"1171038313609752579",NA,"<a href=""http://twitter.com/download/iphone"" rel=""nofollow"">Twitter for iPhone</a>","centipederella",57,TRUE,FALSE,NA,NA
"8","RT @ahilia_stee: watched #nezha with my friend last night &lt;3
SOOO GOOOD!!! everyone please go watch it if it's in a theatre near you TT
als…",FALSE,0,NA,2019-09-09 12:31:02,FALSE,NA,"1171038299869212672",NA,"<a href=""https://mobile.twitter.com"" rel=""nofollow"">Twitter Web App</a>","nightstarrydays",166,TRUE,FALSE,NA,NA
"9","<U+3057><U+3087><U+3046><U+306E><U+8CEA><U+554F><U+7BB1><U+3067><U+3059>
<U+6700><U+8FD1><U+56DE><U+7B54><U+3057><U+305F><U+8CEA><U+554F> <U+2192> <U+300C><U+904A><U+622F><U+738B><U+3063><U+3066><U+697D><U+3057><U+3044><U+3067><U+3059><U+3088><U+306D><U+300D>

https://t.co/9sa4EtnOmb",FALSE,0,NA,2019-09-09 12:31:00,FALSE,NA,"1171038291098886144",NA,"<a href=""https://peing.net"" rel=""nofollow"">Peing</a>","Nezha_Sho",0,FALSE,FALSE,NA,NA
"10","RT @evil_lanzhan: i wanna watch nezha :( 

#<U+54EA><U+5412><U+4E4B><U+9B54><U+7AE5><U+964D><U+4E16> #Aobing #Nezha https://t.co/s8xBXZGhRw",FALSE,0,NA,2019-09-09 12:30:14,FALSE,NA,"1171038101604429824",NA,"<a href=""http://twitter.com/download/iphone"" rel=""nofollow"">Twitter for iPhone</a>","evil_lanzhan",32,TRUE,FALSE,NA,NA
"11","Will be seeing nezha soon. AT LASTTTTT",FALSE,1,NA,2019-09-09 12:30:07,FALSE,NA,"1171038072118697984",NA,"<a href=""http://twitter.com/download/iphone"" rel=""nofollow"">Twitter for iPhone</a>","c_entfanatic",0,FALSE,FALSE,NA,NA
"12","#warframe

<U+65E5><U+672C><U+306E><U+7537><U+6027><U+30C6><U+30F3><U+30CE>114514<U+4EBA><U+306B><U+805E><U+3044><U+305F><U+203C><U+FE0E>

<U+300E>1<U+756A><U+30B7><U+30B3><U+308C><U+308B><U+30D5><U+30EC><U+30FC><U+30E0><U+306F><U+FF1F><U+300F>

<U+7B2C>1<U+4F4D>
<U+300C>NEZHA<U+300D>

<U+9078><U+3093><U+3060><U+7406><U+7531><U+300C><U+3084><U+3063><U+3071><U+30B7><U+30E7><U+30BF><U+300D><U+300C><U+30A8><U+30ED><U+3044><U+300D>

<U+7B2C>2<U+4F4D>
<U+300C>RINO<U+300D>

<U+9078><U+3093><U+3060><U+7406><U+7531><U+300C><U+30AC><U+30BF><U+30A4><U+304C><U+826F><U+3044><U+300D><U+300C><U+62B1><U+304B><U+308C><U+305F><U+3044><U+300D>… https://t.co/crYgvSxPmc",FALSE,0,NA,2019-09-09 12:29:21,TRUE,NA,"1171037877557313536",NA,"<a href=""http://twitter.com/download/iphone"" rel=""nofollow"">Twitter for iPhone</a>","12Crysis1",0,FALSE,FALSE,NA,NA
"13","RT @AWDEKO: nezha’s hands will just have to take turns holding aobing’s hands 
#<U+54EA><U+5412><U+4E4B><U+9B54><U+7AE5><U+964D><U+4E16> https://t.co/rkH3hosh4a",FALSE,0,NA,2019-09-09 12:29:11,FALSE,NA,"1171037834599456768",NA,"<a href=""http://twitter.com/download/android"" rel=""nofollow"">Twitter for Android</a>","TimeAddicted",847,TRUE,FALSE,NA,NA
"14","i want to watch nezha so bad",FALSE,0,NA,2019-09-09 12:28:50,FALSE,NA,"1171037748557316097",NA,"<a href=""http://twitter.com/download/android"" rel=""nofollow"">Twitter for Android</a>","dreamless_spark",0,FALSE,FALSE,NA,NA
"15","RT @checayy: i hate how nezha staff knew exactly what they were doing when they decided to make ao bing so attractive bc they literally men…",FALSE,0,NA,2019-09-09 12:27:41,FALSE,NA,"1171037458189959168",NA,"<a href=""http://twitter.com/download/iphone"" rel=""nofollow"">Twitter for iPhone</a>","CozyCityWitch",3,TRUE,FALSE,NA,NA
"16","RT @erisa_ee: Trouble Maker<U+597D><U+6587><U+660E>,MMD b<U+7AD9>av66633613<U+5FEB><U+6765><U+770B><U+554A><U+0001F44F><U+0001F606>
<U+4E22><U+4E2A><U+94FE><U+63A5><U+2192> https://t.co/LV209amevg

#Nezha #Aobing #Oubing #<U+85D5><U+997C> https://t.co/fICAqZ7nwJ",FALSE,0,NA,2019-09-09 12:27:22,FALSE,NA,"1171037376707121152",NA,"<a href=""http://twitter.com/download/android"" rel=""nofollow"">Twitter for Android</a>","2678Samitar",3,TRUE,FALSE,NA,NA
"17","RT @erisa_ee: #Nezha #Aobing #<U+54EA><U+5412> #<U+6556><U+4E19> <U+5B98><U+65B9>Q<U+7248>,<U+592A><U+0001F251><U+FE0F><U+0001F251><U+FE0F><U+0001F251><U+FE0F><U+4E86>!!! https://t.co/CRjiEppa2Z",FALSE,0,NA,2019-09-09 12:27:10,FALSE,NA,"1171037329659588608",NA,"<a href=""http://twitter.com/download/android"" rel=""nofollow"">Twitter for Android</a>","2678Samitar",19,TRUE,FALSE,NA,NA
"18","RT @lingtenouttaten: I like the idea of nezha being a rich young master &amp; a complete shitbaby gremlin and ao bing being a pristine classy d…",FALSE,0,NA,2019-09-09 12:27:00,FALSE,NA,"1171037285959294979",NA,"<a href=""http://twitter.com/download/iphone"" rel=""nofollow"">Twitter for iPhone</a>","KamenRideOrDie",36,TRUE,FALSE,NA,NA
"19","RT @ahilia_stee: watched #nezha with my friend last night &lt;3
SOOO GOOOD!!! everyone please go watch it if it's in a theatre near you TT
als…",FALSE,0,NA,2019-09-09 12:26:57,FALSE,NA,"1171037272948408320",NA,"<a href=""http://twitter.com/download/iphone"" rel=""nofollow"">Twitter for iPhone</a>","fuwaacchi",166,TRUE,FALSE,NA,NA
"20","RT @mkmydinnr: 190908 i had this silly idea for a nezha crossover that wouldn't go away until i drew it, Twin Jade Dragons of Cloud Recesse…",FALSE,0,NA,2019-09-09 12:26:35,FALSE,NA,"1171037183077040128",NA,"<a href=""http://twitter.com/download/android"" rel=""nofollow"">Twitter for Android</a>","nawaratthlaing",635,TRUE,FALSE,NA,NA
"21","RT @erisa_ee: <U+6388><U+6743><U+8F6C><U+8F7D>/authorized reproduce
<U+5927><U+85D5><U+5976><U+9F99><U+0001F409>
cr:<U+534A><U+7F50><U+4E4C><U+9F99><U+8336>
https://t.co/g4ADyxMTpj
#Nezha #Aobing #<U+85D5><U+997C> #oubing https://t.co/PwVyAkhnSo",FALSE,0,NA,2019-09-09 12:26:35,FALSE,NA,"1171037182707949570",NA,"<a href=""http://twitter.com/download/android"" rel=""nofollow"">Twitter for Android</a>","2678Samitar",31,TRUE,FALSE,NA,NA
"22","RT @fishingforyuu: do you ever just think about nezha tying aobings hair up with two hands then holding his hands with two other hands and…",FALSE,0,NA,2019-09-09 12:25:57,FALSE,NA,"1171037022590517248",NA,"<a href=""http://twitter.com/download/iphone"" rel=""nofollow"">Twitter for iPhone</a>","CozyCityWitch",50,TRUE,FALSE,NA,NA
"23","RT @ahilia_stee: watched #nezha with my friend last night &lt;3
SOOO GOOOD!!! everyone please go watch it if it's in a theatre near you TT
als…",FALSE,0,NA,2019-09-09 12:25:44,FALSE,NA,"1171036965413609473",NA,"<a href=""http://twitter.com/download/android"" rel=""nofollow"">Twitter for Android</a>","books_and_films",166,TRUE,FALSE,NA,NA
"24","9D786345 :Battle ID
I need backup!
Lvl 100 Nezha
https://t.co/jYC6BIKxD0",FALSE,0,NA,2019-09-09 12:25:29,FALSE,NA,"1171036902624919553",NA,"<a href=""http://granbluefantasy.jp/"" rel=""nofollow""><U+30B0><U+30E9><U+30F3><U+30D6><U+30EB><U+30FC> <U+30D5><U+30A1><U+30F3><U+30BF><U+30B8><U+30FC></a>","Zap_GBF",0,FALSE,FALSE,NA,NA
"25","RT @SuperShounen: These Nezha movie posters <U+0001F60D> https://t.co/AsRUCnwu82",FALSE,0,NA,2019-09-09 12:24:53,FALSE,NA,"1171036751420416001",NA,"<a href=""http://twitter.com/download/iphone"" rel=""nofollow"">Twitter for iPhone</a>","pinyaapples",227,TRUE,FALSE,NA,NA
"26","RT @erisa_ee: <U+6388><U+6743><U+8F6C><U+8F7D>/authorized reproduce
cr:<U+4F0A><U+5439><U+9E21><U+817F><U+5B50>
https://t.co/n6o2CafbAW
#Nezha #<U+54EA><U+5412> https://t.co/lcL2gvzMVU",FALSE,0,NA,2019-09-09 12:24:50,FALSE,NA,"1171036741383254017",NA,"<a href=""http://twitter.com/download/android"" rel=""nofollow"">Twitter for Android</a>","2678Samitar",19,TRUE,FALSE,NA,NA
"27","RT @ahilia_stee: watched #nezha with my friend last night &lt;3
SOOO GOOOD!!! everyone please go watch it if it's in a theatre near you TT
als…",FALSE,0,NA,2019-09-09 12:24:49,FALSE,NA,"1171036737713270784",NA,"<a href=""http://twitter.com/download/android"" rel=""nofollow"">Twitter for Android</a>","heichou467",166,TRUE,FALSE,NA,NA
"28","RT @kiwimemer: late matchy ao bing for my nezha doodle https://t.co/Cr7YZbH2dl",FALSE,0,NA,2019-09-09 12:24:21,FALSE,NA,"1171036617483718657",NA,"<a href=""http://twitter.com/download/iphone"" rel=""nofollow"">Twitter for iPhone</a>","CozyCityWitch",57,TRUE,FALSE,NA,NA
"29","i couldn't get this out of my head all day #aobing #nezha #<U+54EA><U+5412><U+4E4B><U+9B54><U+7AE5><U+964D><U+4E16> #oubing #<U+85D5><U+997C> https://t.co/nJbiGatGUM",FALSE,0,NA,2019-09-09 12:22:18,FALSE,NA,"1171036103521882112",NA,"<a href=""http://twitter.com"" rel=""nofollow"">Twitter Web Client</a>","s_Whiskeyjack",0,FALSE,FALSE,NA,NA
"30","RT @lingtenouttaten: I like the idea of nezha being a rich young master &amp; a complete shitbaby gremlin and ao bing being a pristine classy d…",FALSE,0,NA,2019-09-09 12:22:13,FALSE,NA,"1171036081095151617",NA,"<a href=""http://twitter.com/download/iphone"" rel=""nofollow"">Twitter for iPhone</a>","CozyCityWitch",36,TRUE,FALSE,NA,NA
"31","RT @kiwimemer: late matchy ao bing for my nezha doodle https://t.co/Cr7YZbH2dl",FALSE,0,NA,2019-09-09 12:22:12,FALSE,NA,"1171036076854718464",NA,"<a href=""http://twitter.com/download/android"" rel=""nofollow"">Twitter for Android</a>","angremaruu",57,TRUE,FALSE,NA,NA
"32","RT @owlsintophats: the perks of having a best friend with 6 arms
#nezha https://t.co/UODNU6vF96",FALSE,0,NA,2019-09-09 12:21:59,FALSE,NA,"1171036024916643846",NA,"<a href=""http://twitter.com/download/android"" rel=""nofollow"">Twitter for Android</a>","takat0ki",331,TRUE,FALSE,NA,NA
"33","2370F173 :Battle ID
I need backup!
Lvl 100 Nezha
https://t.co/jYC6BIKxD0",FALSE,0,NA,2019-09-09 12:21:04,FALSE,NA,"1171035791495032837",NA,"<a href=""http://granbluefantasy.jp/"" rel=""nofollow""><U+30B0><U+30E9><U+30F3><U+30D6><U+30EB><U+30FC> <U+30D5><U+30A1><U+30F3><U+30BF><U+30B8><U+30FC></a>","Zap_GBF",0,FALSE,FALSE,NA,NA
"34","RT @kiwimemer: late matchy ao bing for my nezha doodle https://t.co/Cr7YZbH2dl",FALSE,0,NA,2019-09-09 12:20:11,FALSE,NA,"1171035572686639105",NA,"<a href=""http://twitter.com/download/iphone"" rel=""nofollow"">Twitter for iPhone</a>","hamochikins",57,TRUE,FALSE,NA,NA
"35","RT @rollround: Making some oubing snacks (mostly to feed myself)! They're available for preorder here: https://t.co/3tT5z39CC0

#nezha #oub…",FALSE,0,NA,2019-09-09 12:20:07,FALSE,NA,"1171035551895621632",NA,"<a href=""http://twitter.com/download/iphone"" rel=""nofollow"">Twitter for iPhone</a>","okayesttrash",45,TRUE,FALSE,NA,NA
"36","me counting the seconds till the nezha sequel comes out",FALSE,0,NA,2019-09-09 12:19:43,FALSE,NA,"1171035453690122243",NA,"<a href=""http://twitter.com/download/android"" rel=""nofollow"">Twitter for Android</a>","wifixian",0,FALSE,FALSE,NA,NA
"37","RT @laji_tong: chim today: u gotta watch nezha one more time, 4 is an unlucky number

me: fuck",FALSE,0,NA,2019-09-09 12:18:38,FALSE,NA,"1171035180200603648",NA,"<a href=""http://twitter.com/download/iphone"" rel=""nofollow"">Twitter for iPhone</a>","KurinaKureina",2,TRUE,FALSE,NA,NA
"38","RT @ahilia_stee: watched #nezha with my friend last night &lt;3
SOOO GOOOD!!! everyone please go watch it if it's in a theatre near you TT
als…",FALSE,0,NA,2019-09-09 12:18:32,FALSE,NA,"1171035155252879365",NA,"<a href=""http://twitter.com/download/android"" rel=""nofollow"">Twitter for Android</a>","Undeciria",166,TRUE,FALSE,NA,NA
"39","RT @erisa_ee: <U+6388><U+6743><U+8F6C><U+8F7D>/authorized reproduce
cr:<U+4E56><U+96E2><U+96E2><U+96E2><U+96E2>_
https://t.co/qq4caoWV0D
#Nezha #Aobing #<U+85D5><U+997C> #oubing https://t.co/csn9sMGHmK",FALSE,0,NA,2019-09-09 12:17:54,FALSE,NA,"1171034998054387712",NA,"<a href=""http://twitter.com/download/iphone"" rel=""nofollow"">Twitter for iPhone</a>","ekstuhsea",33,TRUE,FALSE,NA,NA
"40","RT @ahilia_stee: watched #nezha with my friend last night &lt;3
SOOO GOOOD!!! everyone please go watch it if it's in a theatre near you TT
als…",FALSE,0,NA,2019-09-09 12:17:52,FALSE,NA,"1171034985920417795",NA,"<a href=""http://twitter.com/download/android"" rel=""nofollow"">Twitter for Android</a>","pepper0toni",166,TRUE,FALSE,NA,NA
"41","RT @AWDEKO: nezha’s hands will just have to take turns holding aobing’s hands 
#<U+54EA><U+5412><U+4E4B><U+9B54><U+7AE5><U+964D><U+4E16> https://t.co/rkH3hosh4a",FALSE,0,NA,2019-09-09 12:17:12,FALSE,NA,"1171034817984630786",NA,"<a href=""https://mobile.twitter.com"" rel=""nofollow"">Twitter Web App</a>","Xaeynth",847,TRUE,FALSE,NA,NA
"42","RT @kiwimemer: late matchy ao bing for my nezha doodle https://t.co/Cr7YZbH2dl",FALSE,0,NA,2019-09-09 12:17:10,FALSE,NA,"1171034813282701312",NA,"<a href=""http://twitter.com/download/android"" rel=""nofollow"">Twitter for Android</a>","Ziana_furestia",57,TRUE,FALSE,NA,NA
"43","RT @ahilia_stee: watched #nezha with my friend last night &lt;3
SOOO GOOOD!!! everyone please go watch it if it's in a theatre near you TT
als…",FALSE,0,NA,2019-09-09 12:17:01,FALSE,NA,"1171034773956857857",NA,"<a href=""http://twitter.com/download/iphone"" rel=""nofollow"">Twitter for iPhone</a>","miixiu",166,TRUE,FALSE,NA,NA
"44","RT @kiwimemer: late matchy ao bing for my nezha doodle https://t.co/Cr7YZbH2dl",FALSE,0,NA,2019-09-09 12:16:57,FALSE,NA,"1171034758136119296",NA,"<a href=""http://twitter.com/download/android"" rel=""nofollow"">Twitter for Android</a>","MarikaRaja",57,TRUE,FALSE,NA,NA
"45","RT @ahilia_stee: watched #nezha with my friend last night &lt;3
SOOO GOOOD!!! everyone please go watch it if it's in a theatre near you TT
als…",FALSE,0,NA,2019-09-09 12:16:55,FALSE,NA,"1171034746677121027",NA,"<a href=""http://twitter.com/download/android"" rel=""nofollow"">Twitter for Android</a>","mandaline_",166,TRUE,FALSE,NA,NA
"46","1A6E3292 :Battle ID
I need backup!
Lvl 100 Nezha
https://t.co/7uCCbY5Mub",FALSE,0,NA,2019-09-09 12:15:49,FALSE,NA,"1171034472306769921",NA,"<a href=""http://granbluefantasy.jp/"" rel=""nofollow""><U+30B0><U+30E9><U+30F3><U+30D6><U+30EB><U+30FC> <U+30D5><U+30A1><U+30F3><U+30BF><U+30B8><U+30FC></a>","CitradiHanson",0,FALSE,FALSE,NA,NA
"47","RT @kiwimemer: late matchy ao bing for my nezha doodle https://t.co/Cr7YZbH2dl",FALSE,0,NA,2019-09-09 12:15:32,FALSE,NA,"1171034401825873920",NA,"<a href=""http://twitter.com/download/android"" rel=""nofollow"">Twitter for Android</a>","haltiamieli",57,TRUE,FALSE,NA,NA
"48","RT @kiwimemer: late matchy ao bing for my nezha doodle https://t.co/Cr7YZbH2dl",FALSE,0,NA,2019-09-09 12:15:32,FALSE,NA,"1171034399078408192",NA,"<a href=""http://twitter.com/download/iphone"" rel=""nofollow"">Twitter for iPhone</a>","athenongs",57,TRUE,FALSE,NA,NA
"49","RT @erisa_ee: <U+6388><U+6743><U+8F6C><U+8F7D>/authorized reproduce
<U+5927><U+85D5><U+5976><U+9F99><U+0001F409>
cr:<U+534A><U+7F50><U+4E4C><U+9F99><U+8336>
https://t.co/g4ADyxMTpj
#Nezha #Aobing #<U+85D5><U+997C> #oubing https://t.co/PwVyAkhnSo",FALSE,0,NA,2019-09-09 12:15:23,FALSE,NA,"1171034363787644931",NA,"<a href=""http://twitter.com/download/android"" rel=""nofollow"">Twitter for Android</a>","Book_Of_Tales",31,TRUE,FALSE,NA,NA
"50","RT @jacketsleeves: eiko and i were talking and it somehow became KFC nezha and Long John Silver Aobing......... https://t.co/TkhvZyM4K8",FALSE,0,NA,2019-09-09 12:14:49,FALSE,NA,"1171034220824846340",NA,"<a href=""http://twitter.com/download/iphone"" rel=""nofollow"">Twitter for iPhone</a>","KurinaKureina",39,TRUE,FALSE,NA,NA
"51","RT @owlsintophats: the perks of having a best friend with 6 arms
#nezha https://t.co/UODNU6vF96",FALSE,0,NA,2019-09-09 12:14:29,FALSE,NA,"1171034137668530176",NA,"<a href=""http://twitter.com/download/iphone"" rel=""nofollow"">Twitter for iPhone</a>","KurinaKureina",331,TRUE,FALSE,NA,NA
"52","RT @cherubela_: I drew most of this on the ride back from the movie so excuse the shaky lines i was probably dropping tears and snot all ov…",FALSE,0,NA,2019-09-09 12:14:12,FALSE,NA,"1171034065211920385",NA,"<a href=""http://twitter.com/download/android"" rel=""nofollow"">Twitter for Android</a>","Book_Of_Tales",8,TRUE,FALSE,NA,NA
"53","RT @ahilia_stee: watched #nezha with my friend last night &lt;3
SOOO GOOOD!!! everyone please go watch it if it's in a theatre near you TT
als…",FALSE,0,NA,2019-09-09 12:13:18,FALSE,NA,"1171033838354685952",NA,"<a href=""https://mobile.twitter.com"" rel=""nofollow"">Twitter Web App</a>","TomiLoey",166,TRUE,FALSE,NA,NA
"54","I want to cos test nezha and aobing but i don't have any wigs that work ;((((",FALSE,0,NA,2019-09-09 12:12:17,FALSE,NA,"1171033582518718464",NA,"<a href=""http://twitter.com/download/iphone"" rel=""nofollow"">Twitter for iPhone</a>","mousseronn",0,FALSE,FALSE,NA,NA
"55","RT @erisa_ee: <U+6388><U+6743><U+8F6C><U+8F7D>/authorized reproduce
<U+5927><U+85D5><U+5976><U+9F99><U+0001F409>
cr:<U+534A><U+7F50><U+4E4C><U+9F99><U+8336>
https://t.co/g4ADyxMTpj
#Nezha #Aobing #<U+85D5><U+997C> #oubing https://t.co/PwVyAkhnSo",FALSE,0,NA,2019-09-09 12:11:42,FALSE,NA,"1171033435973963778",NA,"<a href=""http://twitter.com/download/android"" rel=""nofollow"">Twitter for Android</a>","Ailurophile69",31,TRUE,FALSE,NA,NA
"56","@comomula look the li parents are hottest of all no question, the flames on nezha aren't bc he's the demon pill but… https://t.co/mi0H0gVp07",FALSE,0,"comomula",2019-09-09 12:11:17,TRUE,"1171032699190034434","1171033331590291456","3331964601","<a href=""http://twitter.com/download/android"" rel=""nofollow"">Twitter for Android</a>","wenbuxing",0,FALSE,FALSE,NA,NA
"57","RT @kiwimemer: late matchy ao bing for my nezha doodle https://t.co/Cr7YZbH2dl",FALSE,0,NA,2019-09-09 12:11:05,FALSE,NA,"1171033280575000576",NA,"<a href=""http://twitter.com/download/android"" rel=""nofollow"">Twitter for Android</a>","junmyeoni3",57,TRUE,FALSE,NA,NA
"58","RT @erisa_ee: #Nezha #Aobing #<U+54EA><U+5412> #<U+6556><U+4E19> <U+5B98><U+65B9>Q<U+7248>,<U+592A><U+0001F251><U+FE0F><U+0001F251><U+FE0F><U+0001F251><U+FE0F><U+4E86>!!! https://t.co/CRjiEppa2Z",FALSE,0,NA,2019-09-09 12:10:35,FALSE,NA,"1171033155832184835",NA,"<a href=""http://twitter.com/download/android"" rel=""nofollow"">Twitter for Android</a>","Ailurophile69",19,TRUE,FALSE,NA,NA
"59","RT @kiwimemer: late matchy ao bing for my nezha doodle https://t.co/Cr7YZbH2dl",FALSE,0,NA,2019-09-09 12:09:54,FALSE,NA,"1171032981508644865",NA,"<a href=""http://twitter.com/download/android"" rel=""nofollow"">Twitter for Android</a>","ANDVOlD",57,TRUE,FALSE,NA,NA
"60","RT @kiwimemer: late matchy ao bing for my nezha doodle https://t.co/Cr7YZbH2dl",FALSE,0,NA,2019-09-09 12:09:37,FALSE,NA,"1171032913464287232",NA,"<a href=""http://twitter.com"" rel=""nofollow"">Twitter Web Client</a>","tigriscantus",57,TRUE,FALSE,NA,NA
"61","RT @ahilia_stee: watched #nezha with my friend last night &lt;3
SOOO GOOOD!!! everyone please go watch it if it's in a theatre near you TT
als…",FALSE,0,NA,2019-09-09 12:09:35,FALSE,NA,"1171032903007866882",NA,"<a href=""http://twitter.com/download/android"" rel=""nofollow"">Twitter for Android</a>","gearrogue",166,TRUE,FALSE,NA,NA
"62","RT @owlsintophats: the perks of having a best friend with 6 arms
#nezha https://t.co/UODNU6vF96",FALSE,0,NA,2019-09-09 12:09:15,FALSE,NA,"1171032819843252224",NA,"<a href=""http://twitter.com/download/android"" rel=""nofollow"">Twitter for Android</a>","kagi_S2S2",331,TRUE,FALSE,NA,NA
"63","RT @mkmydinnr: 190908 i had this silly idea for a nezha crossover that wouldn't go away until i drew it, Twin Jade Dragons of Cloud Recesse…",FALSE,0,NA,2019-09-09 12:09:14,FALSE,NA,"1171032816743669761",NA,"<a href=""http://twitter.com/download/android"" rel=""nofollow"">Twitter for Android</a>","MDZSbiatch27",635,TRUE,FALSE,NA,NA
"64","i want to see nezha !!!!!!!!!!!!!!!!!!!!!!!!!!!!!!!!!!!!",FALSE,0,NA,2019-09-09 12:09:13,FALSE,NA,"1171032810347536391",NA,"<a href=""http://twitter.com/download/iphone"" rel=""nofollow"">Twitter for iPhone</a>","luuakuu",0,FALSE,FALSE,NA,NA
"65","RT @kiwimemer: late matchy ao bing for my nezha doodle https://t.co/Cr7YZbH2dl",FALSE,0,NA,2019-09-09 12:08:55,FALSE,NA,"1171032736246751232",NA,"<a href=""http://twitter.com/download/android"" rel=""nofollow"">Twitter for Android</a>","Shiroyasha1996",57,TRUE,FALSE,NA,NA
"66","RT @owlsintophats: the perks of having a best friend with 6 arms
#nezha https://t.co/UODNU6vF96",FALSE,0,NA,2019-09-09 12:08:53,FALSE,NA,"1171032727107358721",NA,"<a href=""http://twitter.com/download/iphone"" rel=""nofollow"">Twitter for iPhone</a>","blueenoughsky",331,TRUE,FALSE,NA,NA
"67","RT @ahilia_stee: watched #nezha with my friend last night &lt;3
SOOO GOOOD!!! everyone please go watch it if it's in a theatre near you TT
als…",FALSE,0,NA,2019-09-09 12:08:53,FALSE,NA,"1171032726981337088",NA,"<a href=""http://twitter.com/download/android"" rel=""nofollow"">Twitter for Android</a>","starxSH",166,TRUE,FALSE,NA,NA
"68","@wenbuxing The movie is a work of art...and also nezha movie said bi rights and im loving it!!! Milfs and dilfs!!!",FALSE,0,"wenbuxing",2019-09-09 12:08:46,FALSE,"1171032375880376321","1171032699190034434","1123630681781751809","<a href=""http://twitter.com/download/android"" rel=""nofollow"">Twitter for Android</a>","comomula",0,FALSE,FALSE,NA,NA
"69","RT @AWDEKO: nezha’s hands will just have to take turns holding aobing’s hands 
#<U+54EA><U+5412><U+4E4B><U+9B54><U+7AE5><U+964D><U+4E16> https://t.co/rkH3hosh4a",FALSE,0,NA,2019-09-09 12:08:42,FALSE,NA,"1171032681821294592",NA,"<a href=""http://twitter.com/download/android"" rel=""nofollow"">Twitter for Android</a>","FernChan18",847,TRUE,FALSE,NA,NA
"70","RT @beemyloverfu: #<U+54EA><U+5412><U+4E4B><U+9B54><U+7AE5><U+964D><U+4E16> 
#nezha https://t.co/DeVz6nE3AT",FALSE,0,NA,2019-09-09 12:08:32,FALSE,NA,"1171032637298937856",NA,"<a href=""http://twitter.com/download/iphone"" rel=""nofollow"">Twitter for iPhone</a>","miIobellus",869,TRUE,FALSE,NA,NA
"71","@comomula THE ANIMATION IN NEZHA IS SOOOO GOOD THE FLUIDITY, THE SCENERY AND THE CHARACTER DESIGNS WERE ALL SOLID (… https://t.co/jY71pOGCly",FALSE,0,"comomula",2019-09-09 12:07:29,TRUE,"1171031994035298305","1171032375880376321","3331964601","<a href=""http://twitter.com/download/android"" rel=""nofollow"">Twitter for Android</a>","wenbuxing",0,FALSE,FALSE,NA,NA
"72","RT @kiwimemer: late matchy ao bing for my nezha doodle https://t.co/Cr7YZbH2dl",FALSE,0,NA,2019-09-09 12:07:28,FALSE,NA,"1171032370431983618",NA,"<a href=""http://twitter.com/download/iphone"" rel=""nofollow"">Twitter for iPhone</a>","oubings",57,TRUE,FALSE,NA,NA
"73","RT @kiwimemer: late matchy ao bing for my nezha doodle https://t.co/Cr7YZbH2dl",FALSE,0,NA,2019-09-09 12:07:24,FALSE,NA,"1171032353428430848",NA,"<a href=""http://twitter.com/download/iphone"" rel=""nofollow"">Twitter for iPhone</a>","KurinaKureina",57,TRUE,FALSE,NA,NA
"74","RT @kiwimemer: late matchy ao bing for my nezha doodle https://t.co/Cr7YZbH2dl",FALSE,0,NA,2019-09-09 12:07:06,FALSE,NA,"1171032278723694593",NA,"<a href=""http://twitter.com/download/android"" rel=""nofollow"">Twitter for Android</a>","wifixian",57,TRUE,FALSE,NA,NA
"75","RT @owlsintophats: the perks of having a best friend with 6 arms
#nezha https://t.co/UODNU6vF96",FALSE,0,NA,2019-09-09 12:06:33,FALSE,NA,"1171032139607027713",NA,"<a href=""http://twitter.com/download/android"" rel=""nofollow"">Twitter for Android</a>","merininx",331,TRUE,FALSE,NA,NA
"76","RT @ahilia_stee: watched #nezha with my friend last night &lt;3
SOOO GOOOD!!! everyone please go watch it if it's in a theatre near you TT
als…",FALSE,0,NA,2019-09-09 12:06:33,FALSE,NA,"1171032139275673600",NA,"<a href=""http://twitter.com/download/android"" rel=""nofollow"">Twitter for Android</a>","Shiroyasha1996",166,TRUE,FALSE,NA,NA
"77","RT @kiwimemer: late matchy ao bing for my nezha doodle https://t.co/Cr7YZbH2dl",FALSE,0,NA,2019-09-09 12:05:57,FALSE,NA,"1171031987676516357",NA,"<a href=""https://mobile.twitter.com"" rel=""nofollow"">Twitter Web App</a>","42Alien84",57,TRUE,FALSE,NA,NA
"78","@kiwimemer Hnnng bite sized nezha",FALSE,0,"kiwimemer",2019-09-09 12:05:49,FALSE,"1170968949854371840","1171031957100277760","3189553508","<a href=""http://twitter.com/download/android"" rel=""nofollow"">Twitter for Android</a>","milli_nior",0,FALSE,FALSE,NA,NA
"79","RT @ahilia_stee: watched #nezha with my friend last night &lt;3
SOOO GOOOD!!! everyone please go watch it if it's in a theatre near you TT
als…",FALSE,0,NA,2019-09-09 12:05:47,FALSE,NA,"1171031948548104193",NA,"<a href=""http://twitter.com/download/iphone"" rel=""nofollow"">Twitter for iPhone</a>","nararouge",166,TRUE,FALSE,NA,NA
"80","RT @kiwimemer: late matchy ao bing for my nezha doodle https://t.co/Cr7YZbH2dl",FALSE,0,NA,2019-09-09 12:05:27,FALSE,NA,"1171031862954926081",NA,"<a href=""http://twitter.com/download/android"" rel=""nofollow"">Twitter for Android</a>","milli_nior",57,TRUE,FALSE,NA,NA
"81","@comomula the four way fight was so good.... tell me where in disn*y would you have that shit w that fluidity and c… https://t.co/pmuhHU5c8E",FALSE,0,"comomula",2019-09-09 12:04:53,TRUE,"1171031438298365952","1171031720503566338","3331964601","<a href=""http://twitter.com/download/android"" rel=""nofollow"">Twitter for Android</a>","wenbuxing",0,FALSE,FALSE,NA,NA
"82","RT @pinkcolorpen: a couple more! 'w' 

this time shuttlecock (may or may not be inspired by that one nezha movie that i haven't seen), and…",FALSE,0,NA,2019-09-09 12:04:23,FALSE,NA,"1171031596020879362",NA,"<a href=""http://twitter.com/download/android"" rel=""nofollow"">Twitter for Android</a>","Mikanade_",33,TRUE,FALSE,NA,NA
"83","Nezha dad is hot",FALSE,1,NA,2019-09-09 12:04:08,FALSE,NA,"1171031529742430208",NA,"<a href=""http://twitter.com/download/android"" rel=""nofollow"">Twitter for Android</a>","oscardragonia",0,FALSE,FALSE,NA,NA
"84","RT @kiwimemer: late matchy ao bing for my nezha doodle https://t.co/Cr7YZbH2dl",FALSE,0,NA,2019-09-09 12:03:58,FALSE,NA,"1171031488193675264",NA,"<a href=""http://twitter.com/download/android"" rel=""nofollow"">Twitter for Android</a>","DaNi_13o",57,TRUE,FALSE,NA,NA
"85","RT @ahilia_stee: watched #nezha with my friend last night &lt;3
SOOO GOOOD!!! everyone please go watch it if it's in a theatre near you TT
als…",FALSE,0,NA,2019-09-09 12:03:55,FALSE,NA,"1171031478672789507",NA,"<a href=""http://twitter.com/download/android"" rel=""nofollow"">Twitter for Android</a>","tofucoups",166,TRUE,FALSE,NA,NA
"86","RT @kiwimemer: late matchy ao bing for my nezha doodle https://t.co/Cr7YZbH2dl",FALSE,0,NA,2019-09-09 12:03:52,FALSE,NA,"1171031464722329600",NA,"<a href=""http://twitter.com/download/android"" rel=""nofollow"">Twitter for Android</a>","NightmareAnglef",57,TRUE,FALSE,NA,NA
"87","RT @kiwimemer: late matchy ao bing for my nezha doodle https://t.co/Cr7YZbH2dl",FALSE,0,NA,2019-09-09 12:03:27,FALSE,NA,"1171031359256555525",NA,"<a href=""http://twitter.com/download/android"" rel=""nofollow"">Twitter for Android</a>","_HS__03",57,TRUE,FALSE,NA,NA
"88","RT @kiwimemer: late matchy ao bing for my nezha doodle https://t.co/Cr7YZbH2dl",FALSE,0,NA,2019-09-09 12:03:18,FALSE,NA,"1171031322162155520",NA,"<a href=""http://twitter.com/download/iphone"" rel=""nofollow"">Twitter for iPhone</a>","meltsmelts",57,TRUE,FALSE,NA,NA
"89","RT @erisa_ee: #Nezha #Aobing #<U+54EA><U+5412> #<U+6556><U+4E19> <U+5B98><U+65B9>Q<U+7248>,<U+592A><U+0001F251><U+FE0F><U+0001F251><U+FE0F><U+0001F251><U+FE0F><U+4E86>!!! https://t.co/CRjiEppa2Z",FALSE,0,NA,2019-09-09 12:02:50,FALSE,NA,"1171031205782773762",NA,"<a href=""http://twitter.com/download/android"" rel=""nofollow"">Twitter for Android</a>","YongYi_10125",19,TRUE,FALSE,NA,NA
"90","RT @ahilia_stee: watched #nezha with my friend last night &lt;3
SOOO GOOOD!!! everyone please go watch it if it's in a theatre near you TT
als…",FALSE,0,NA,2019-09-09 12:02:26,FALSE,NA,"1171031102871482368",NA,"<a href=""http://twitter.com/download/iphone"" rel=""nofollow"">Twitter for iPhone</a>","bunphos",166,TRUE,FALSE,NA,NA
"91","RT @ahilia_stee: watched #nezha with my friend last night &lt;3
SOOO GOOOD!!! everyone please go watch it if it's in a theatre near you TT
als…",FALSE,0,NA,2019-09-09 12:01:51,FALSE,NA,"1171030955668193280",NA,"<a href=""http://twitter.com/download/android"" rel=""nofollow"">Twitter for Android</a>","sadlutz",166,TRUE,FALSE,NA,NA
"92","RT @ahilia_stee: watched #nezha with my friend last night &lt;3
SOOO GOOOD!!! everyone please go watch it if it's in a theatre near you TT
als…",FALSE,0,NA,2019-09-09 12:01:45,FALSE,NA,"1171030933836718086",NA,"<a href=""http://twitter.com/download/android"" rel=""nofollow"">Twitter for Android</a>","Avennci",166,TRUE,FALSE,NA,NA
"93","RT @Chimfucius: Posting some Nezha and Aobing doodles here too <U+0001F440><U+0001F525><U+2744><U+FE0F> it was a good movie and I highly encourage people to go watch if they c…",FALSE,0,NA,2019-09-09 12:01:23,FALSE,NA,"1171030838110228481",NA,"<a href=""http://twitter.com/download/android"" rel=""nofollow"">Twitter for Android</a>","Arr_Oz",268,TRUE,FALSE,NA,NA
"94","RT @ahilia_stee: watched #nezha with my friend last night &lt;3
SOOO GOOOD!!! everyone please go watch it if it's in a theatre near you TT
als…",FALSE,0,NA,2019-09-09 12:01:05,FALSE,NA,"1171030763917254656",NA,"<a href=""https://mobile.twitter.com"" rel=""nofollow"">Twitter Web App</a>","kiraferrett",166,TRUE,FALSE,NA,NA
"95","RT @ahilia_stee: watched #nezha with my friend last night &lt;3
SOOO GOOOD!!! everyone please go watch it if it's in a theatre near you TT
als…",FALSE,0,NA,2019-09-09 12:00:53,FALSE,NA,"1171030715531579392",NA,"<a href=""https://mobile.twitter.com"" rel=""nofollow"">Twitter Web App</a>","hiIarions",166,TRUE,FALSE,NA,NA
"96","RT @k0urud0: he’s a keeper.
#nezha #<U+54EA><U+5412><U+4E4B><U+9B54><U+7AE5><U+964D><U+4E16> https://t.co/tusJrehaqb",FALSE,0,NA,2019-09-09 12:00:43,FALSE,NA,"1171030670757511169",NA,"<a href=""http://twitter.com/download/android"" rel=""nofollow"">Twitter for Android</a>","Arr_Oz",578,TRUE,FALSE,NA,NA
"97","RT @cineasia_online: La animación de China vuelve a conseguir un excelente resultado en su taquilla justo después del triunfo de  ""Nezha"".…",FALSE,0,NA,2019-09-09 12:00:34,FALSE,NA,"1171030633495351298",NA,"<a href=""http://twitter.com"" rel=""nofollow"">Twitter Web Client</a>","kawanokatsuhito",7,TRUE,FALSE,NA,NA
"98","RT @ahilia_stee: watched #nezha with my friend last night &lt;3
SOOO GOOOD!!! everyone please go watch it if it's in a theatre near you TT
als…",FALSE,0,NA,2019-09-09 12:00:15,FALSE,NA,"1171030554181083137",NA,"<a href=""http://twitter.com/download/android"" rel=""nofollow"">Twitter for Android</a>","Jiaoren_",166,TRUE,FALSE,NA,NA
"99","RT @korokoro8080: would anyone be interested in oubing manjuus LOL i just really want to make a pair for myself....
#nezha https://t.co/t51…",FALSE,0,NA,2019-09-09 12:00:01,FALSE,NA,"1171030497226416135",NA,"<a href=""http://twitter.com/download/android"" rel=""nofollow"">Twitter for Android</a>","kazukopii",19,TRUE,FALSE,NA,NA
"100","i bought nezha empyrean skin i am the happiest nezha degenerate ever",FALSE,0,NA,2019-09-09 11:59:27,FALSE,NA,"1171030351403257857",NA,"<a href=""http://twitter.com/download/iphone"" rel=""nofollow"">Twitter for iPhone</a>","psychoikawa",0,FALSE,FALSE,NA,NA
